,dayOfWeek
0,Thurs
1,Sunday
2,Thurs
3,Wed
4,Sunday
5,Sunday
6,Sunday
7,Wed
8,Wed
9,Thurs
10,Wed
11,Monday
12,Wed
13,Friday
14,Saturday
15,Tuesday
16,Friday
17,Tuesday
18,Friday
19,Saturday
20,Friday
21,Saturday
22,Sunday
23,Friday
24,Wed
25,Tuesday
26,Wed
27,Monday
28,Wed
29,Thurs
30,Monday
31,Saturday
32,Sunday
33,Monday
34,Saturday
35,Sunday
36,Tuesday
37,Wed
38,Monday
39,Monday
40,Tuesday
41,Saturday
42,Saturday
43,Sunday
44,Monday
45,Wed
46,Saturday
47,Sunday
48,Monday
49,Thurs
50,Wed
51,Monday
52,Thurs
53,Wed
54,Wed
55,Thurs
56,Monday
57,Thurs
58,Friday
59,Sunday
60,Friday
61,Sunday
62,Sunday
63,Thurs
64,Saturday
65,Friday
66,Thurs
67,Tuesday
68,Wed
69,Thurs
70,Saturday
71,Wed
72,Friday
73,Thurs
74,Sunday
75,Tuesday
76,Wed
77,Tuesday
78,Sunday
79,Thurs
80,Saturday
81,Wed
82,Friday
83,Monday
84,Saturday
85,Wed
86,Saturday
87,Monday
88,Sunday
89,Saturday
90,Friday
91,Sunday
92,Saturday
93,Saturday
94,Thurs
95,Wed
96,Monday
97,Wed
98,Thurs
99,Wed
100,Saturday
101,Friday
102,Friday
103,Wed
104,Friday
105,Monday
106,Monday
107,Friday
108,Sunday
109,Sunday
110,Saturday
111,Saturday
112,Friday
113,Tuesday
114,Thurs
115,Sunday
116,Wed
117,Saturday
118,Monday
119,Monday
120,Tuesday
121,Thurs
122,Tuesday
123,Wed
124,Monday
125,Sunday
126,Monday
127,Monday
128,Saturday
129,Sunday
130,Saturday
131,Friday
132,Wed
133,Tuesday
134,Tuesday
135,Wed
136,Tuesday
137,Thurs
138,Wed
139,Sunday
140,Monday
141,Monday
142,Friday
143,Thurs
144,Wed
145,Friday
146,Monday
147,Sunday
148,Saturday
149,Saturday
150,Thurs
151,Monday
152,Wed
153,Monday
154,Friday
155,Saturday
156,Sunday
157,Monday
158,Tuesday
159,Thurs
160,Saturday
161,Thurs
162,Saturday
163,Tuesday
164,Tuesday
165,Saturday
166,Wed
167,Wed
168,Thurs
169,Friday
170,Monday
171,Saturday
172,Friday
173,Saturday
174,Sunday
175,Monday
176,Friday
177,Monday
178,Wed
179,Thurs
180,Monday
181,Monday
182,Friday
183,Saturday
184,Tuesday
185,Thurs
186,Saturday
187,Wed
188,Friday
189,Wed
190,Monday
191,Friday
192,Thurs
193,Tuesday
194,Thurs
195,Wed
196,Sunday
197,Thurs
198,Sunday
199,Saturday
200,Thurs
201,Sunday
202,Wed
203,Monday
204,Saturday
205,Monday
206,Wed
207,Thurs
208,Tuesday
209,Wed
210,Wed
211,Thurs
212,Friday
213,Saturday
214,Wed
215,Monday
216,Thurs
217,Tuesday
218,Saturday
219,Saturday
220,Sunday
221,Sunday
222,Saturday
223,Thurs
224,Wed
225,Saturday
226,Sunday
227,Tuesday
228,Saturday
229,Sunday
230,Saturday
231,Saturday
232,Tuesday
233,Tuesday
234,Friday
235,Monday
236,Saturday
237,Saturday
238,Tuesday
239,Thurs
240,Thurs
241,Thurs
242,Sunday
243,Saturday
244,Sunday
245,Sunday
246,Monday
247,Saturday
248,Thurs
249,Tuesday
250,Friday
251,Saturday
252,Wed
253,Wed
254,Wed
255,Tuesday
256,Saturday
257,Saturday
258,Monday
259,Sunday
260,Monday
261,Sunday
262,Wed
263,Saturday
264,Tuesday
265,Saturday
266,Sunday
267,Sunday
268,Thurs
269,Friday
270,Sunday
271,Friday
272,Sunday
273,Thurs
274,Tuesday
275,Monday
276,Saturday
277,Thurs
278,Saturday
279,Saturday
280,Tuesday
281,Thurs
282,Saturday
283,Saturday
284,Saturday
285,Friday
286,Thurs
287,Tuesday
288,Monday
289,Thurs
290,Friday
291,Wed
292,Wed
293,Tuesday
294,Wed
295,Tuesday
296,Sunday
297,Sunday
298,Wed
299,Thurs
300,Friday
301,Saturday
302,Thurs
303,Wed
304,Wed
305,Wed
306,Monday
307,Friday
308,Friday
309,Monday
310,Wed
311,Thurs
312,Monday
313,Tuesday
314,Monday
315,Saturday
316,Wed
317,Thurs
318,Thurs
319,Thurs
320,Thurs
321,Wed
322,Sunday
323,Tuesday
324,Saturday
325,Tuesday
326,Sunday
327,Wed
328,Wed
329,Monday
330,Monday
331,Friday
332,Friday
333,Tuesday
334,Friday
335,Monday
336,Saturday
337,Thurs
338,Thurs
339,Wed
340,Monday
341,Sunday
342,Saturday
343,Tuesday
344,Monday
345,Saturday
346,Saturday
347,Thurs
348,Saturday
349,Monday
350,Friday
351,Tuesday
352,Sunday
353,Saturday
354,Friday
355,Thurs
356,Monday
357,Saturday
358,Friday
359,Monday
360,Friday
361,Monday
362,Sunday
363,Tuesday
364,Wed
365,Friday
366,Tuesday
367,Monday
368,Sunday
369,Monday
370,Sunday
371,Thurs
372,Thurs
373,Sunday
374,Thurs
375,Sunday
376,Friday
377,Sunday
378,Sunday
379,Sunday
380,Monday
381,Friday
382,Wed
383,Sunday
384,Friday
385,Friday
386,Thurs
387,Thurs
388,Saturday
389,Sunday
390,Friday
391,Monday
392,Thurs
393,Monday
394,Tuesday
395,Saturday
396,Tuesday
397,Thurs
398,Thurs
399,Wed
400,Friday
401,Thurs
402,Monday
403,Sunday
404,Tuesday
405,Saturday
406,Monday
407,Tuesday
408,Sunday
409,Friday
410,Wed
411,Saturday
412,Friday
413,Saturday
414,Sunday
415,Sunday
416,Sunday
417,Saturday
418,Thurs
419,Thurs
420,Sunday
421,Sunday
422,Friday
423,Saturday
424,Tuesday
425,Thurs
426,Tuesday
427,Friday
428,Saturday
429,Wed
430,Friday
431,Saturday
432,Monday
433,Tuesday
434,Wed
435,Friday
436,Friday
437,Friday
438,Wed
439,Wed
440,Wed
441,Wed
442,Friday
443,Sunday
444,Monday
445,Wed
446,Monday
447,Friday
448,Monday
449,Sunday
450,Saturday
451,Saturday
452,Wed
453,Monday
454,Friday
455,Wed
456,Thurs
457,Wed
458,Tuesday
459,Friday
460,Thurs
461,Tuesday
462,Wed
463,Saturday
464,Wed
465,Friday
466,Monday
467,Saturday
468,Tuesday
469,Saturday
470,Monday
471,Thurs
472,Wed
473,Saturday
474,Friday
475,Sunday
476,Thurs
477,Friday
478,Friday
479,Tuesday
480,Friday
481,Monday
482,Saturday
483,Monday
484,Wed
485,Wed
486,Monday
487,Friday
488,Thurs
489,Tuesday
490,Tuesday
491,Thurs
492,Tuesday
493,Wed
494,Saturday
495,Monday
496,Monday
497,Friday
498,Sunday
499,Friday
500,Monday
501,Tuesday
502,Saturday
503,Monday
504,Wed
505,Wed
506,Monday
507,Tuesday
508,Wed
509,Sunday
510,Wed
511,Friday
512,Thurs
513,Monday
514,Sunday
515,Sunday
516,Monday
517,Monday
518,Wed
519,Tuesday
520,Thurs
521,Monday
522,Saturday
523,Monday
524,Saturday
525,Sunday
526,Sunday
527,Monday
528,Sunday
529,Wed
530,Wed
531,Tuesday
532,Wed
533,Sunday
534,Friday
535,Tuesday
536,Sunday
537,Saturday
538,Thurs
539,Friday
540,Saturday
541,Saturday
542,Monday
543,Thurs
544,Tuesday
545,Monday
546,Sunday
547,Sunday
548,Monday
549,Tuesday
550,Saturday
551,Wed
552,Tuesday
553,Saturday
554,Tuesday
555,Sunday
556,Tuesday
557,Monday
558,Monday
559,Monday
560,Saturday
561,Tuesday
562,Sunday
563,Wed
564,Monday
565,Thurs
566,Wed
567,Thurs
568,Wed
569,Sunday
570,Saturday
571,Friday
572,Sunday
573,Friday
574,Saturday
575,Thurs
576,Monday
577,Monday
578,Friday
579,Friday
580,Friday
581,Thurs
582,Saturday
583,Tuesday
584,Sunday
585,Tuesday
586,Friday
587,Tuesday
588,Monday
589,Monday
590,Sunday
591,Monday
592,Saturday
593,Friday
594,Monday
595,Saturday
596,Sunday
597,Sunday
598,Saturday
599,Sunday
600,Tuesday
601,Sunday
602,Tuesday
603,Friday
604,Tuesday
605,Sunday
606,Thurs
607,Thurs
608,Saturday
609,Friday
610,Wed
611,Friday
612,Tuesday
613,Friday
614,Saturday
615,Monday
616,Wed
617,Sunday
618,Thurs
619,Tuesday
620,Wed
621,Tuesday
622,Thurs
623,Thurs
624,Thurs
625,Tuesday
626,Thurs
627,Wed
628,Saturday
629,Wed
630,Saturday
631,Wed
632,Saturday
633,Wed
634,Saturday
635,Tuesday
636,Wed
637,Saturday
638,Friday
639,Monday
640,Tuesday
641,Saturday
642,Friday
643,Thurs
644,Thurs
645,Saturday
646,Monday
647,Sunday
648,Sunday
649,Sunday
650,Tuesday
651,Sunday
652,Friday
653,Monday
654,Monday
655,Wed
656,Sunday
657,Sunday
658,Wed
659,Saturday
660,Saturday
661,Thurs
662,Tuesday
663,Friday
664,Saturday
665,Tuesday
666,Tuesday
667,Thurs
668,Saturday
669,Tuesday
670,Saturday
671,Saturday
672,Thurs
673,Tuesday
674,Sunday
675,Thurs
676,Monday
677,Saturday
678,Thurs
679,Wed
680,Sunday
681,Friday
682,Thurs
683,Friday
684,Wed
685,Saturday
686,Sunday
687,Saturday
688,Monday
689,Tuesday
690,Monday
691,Friday
692,Saturday
693,Sunday
694,Sunday
695,Tuesday
696,Sunday
697,Sunday
698,Monday
699,Monday
700,Tuesday
701,Wed
702,Friday
703,Tuesday
704,Saturday
705,Friday
706,Sunday
707,Wed
708,Monday
709,Wed
710,Sunday
711,Saturday
712,Thurs
713,Thurs
714,Wed
715,Saturday
716,Friday
717,Thurs
718,Saturday
719,Thurs
720,Thurs
721,Friday
722,Thurs
723,Saturday
724,Monday
725,Wed
726,Tuesday
727,Monday
728,Wed
729,Saturday
730,Sunday
731,Friday
732,Wed
733,Saturday
734,Saturday
735,Wed
736,Friday
737,Saturday
738,Monday
739,Monday
740,Thurs
741,Wed
742,Thurs
743,Thurs
744,Thurs
745,Sunday
746,Monday
747,Wed
748,Saturday
749,Friday
750,Thurs
751,Thurs
752,Thurs
753,Monday
754,Saturday
755,Monday
756,Wed
757,Saturday
758,Tuesday
759,Friday
760,Thurs
761,Tuesday
762,Tuesday
763,Saturday
764,Sunday
765,Saturday
766,Friday
767,Wed
768,Thurs
769,Monday
770,Saturday
771,Monday
772,Wed
773,Wed
774,Wed
775,Thurs
776,Saturday
777,Saturday
778,Thurs
779,Tuesday
780,Saturday
781,Wed
782,Sunday
783,Thurs
784,Monday
785,Thurs
786,Saturday
787,Saturday
788,Saturday
789,Tuesday
790,Wed
791,Wed
792,Wed
793,Saturday
794,Tuesday
795,Thurs
796,Friday
797,Sunday
798,Monday
799,Saturday
800,Thurs
801,Friday
802,Friday
803,Monday
804,Thurs
805,Thurs
806,Friday
807,Wed
808,Wed
809,Saturday
810,Friday
811,Saturday
812,Monday
813,Wed
814,Saturday
815,Saturday
816,Monday
817,Sunday
818,Saturday
819,Monday
820,Sunday
821,Monday
822,Wed
823,Friday
824,Monday
825,Sunday
826,Wed
827,Saturday
828,Friday
829,Monday
830,Friday
831,Monday
832,Wed
833,Saturday
834,Wed
835,Wed
836,Monday
837,Friday
838,Saturday
839,Sunday
840,Thurs
841,Friday
842,Tuesday
843,Friday
844,Tuesday
845,Sunday
846,Sunday
847,Sunday
848,Sunday
849,Monday
850,Saturday
851,Wed
852,Monday
853,Wed
854,Sunday
855,Monday
856,Saturday
857,Sunday
858,Saturday
859,Wed
860,Tuesday
861,Tuesday
862,Sunday
863,Saturday
864,Saturday
865,Monday
866,Sunday
867,Wed
868,Tuesday
869,Saturday
870,Thurs
871,Sunday
872,Sunday
873,Thurs
874,Monday
875,Sunday
876,Sunday
877,Saturday
878,Tuesday
879,Saturday
880,Thurs
881,Sunday
882,Sunday
883,Sunday
884,Monday
885,Sunday
886,Friday
887,Friday
888,Friday
889,Sunday
890,Sunday
891,Monday
892,Friday
893,Thurs
894,Sunday
895,Sunday
896,Friday
897,Sunday
898,Friday
899,Monday
900,Saturday
901,Friday
902,Tuesday
903,Saturday
904,Friday
905,Tuesday
906,Tuesday
907,Monday
908,Tuesday
909,Monday
910,Wed
911,Friday
912,Thurs
913,Thurs
914,Tuesday
915,Friday
916,Wed
917,Tuesday
918,Saturday
919,Thurs
920,Thurs
921,Friday
922,Tuesday
923,Sunday
924,Sunday
925,Monday
926,Thurs
927,Friday
928,Sunday
929,Wed
930,Monday
931,Monday
932,Friday
933,Sunday
934,Monday
935,Tuesday
936,Tuesday
937,Thurs
938,Sunday
939,Friday
940,Thurs
941,Saturday
942,Monday
943,Friday
944,Thurs
945,Saturday
946,Tuesday
947,Thurs
948,Saturday
949,Saturday
950,Sunday
951,Monday
952,Saturday
953,Friday
954,Wed
955,Monday
956,Monday
957,Tuesday
958,Wed
959,Saturday
960,Saturday
961,Sunday
962,Saturday
963,Sunday
964,Sunday
965,Wed
966,Friday
967,Tuesday
968,Tuesday
969,Tuesday
970,Wed
971,Thurs
972,Tuesday
973,Friday
974,Wed
975,Sunday
976,Friday
977,Monday
978,Tuesday
979,Sunday
980,Saturday
981,Friday
982,Thurs
983,Tuesday
984,Monday
985,Friday
986,Thurs
987,Saturday
988,Thurs
989,Thurs
990,Wed
991,Sunday
992,Friday
993,Wed
994,Thurs
995,Monday
996,Sunday
997,Friday
998,Saturday
999,Monday
1000,Friday
1001,Friday
1002,Tuesday
1003,Wed
1004,Saturday
1005,Saturday
1006,Sunday
1007,Friday
1008,Wed
1009,Wed
1010,Saturday
1011,Saturday
1012,Thurs
1013,Sunday
1014,Friday
1015,Thurs
1016,Monday
1017,Wed
1018,Friday
1019,Friday
1020,Saturday
1021,Saturday
1022,Sunday
1023,Monday
1024,Tuesday
1025,Thurs
1026,Monday
1027,Friday
1028,Saturday
1029,Friday
1030,Friday
1031,Tuesday
1032,Saturday
1033,Friday
1034,Wed
1035,Saturday
1036,Friday
1037,Sunday
1038,Sunday
1039,Friday
1040,Wed
1041,Tuesday
1042,Saturday
1043,Monday
1044,Saturday
1045,Friday
1046,Friday
1047,Wed
1048,Wed
1049,Wed
1050,Wed
1051,Thurs
1052,Tuesday
1053,Friday
1054,Monday
1055,Saturday
1056,Tuesday
1057,Wed
1058,Wed
1059,Thurs
1060,Saturday
1061,Wed
1062,Saturday
1063,Monday
1064,Wed
1065,Saturday
1066,Tuesday
1067,Saturday
1068,Friday
1069,Tuesday
1070,Sunday
1071,Saturday
1072,Friday
1073,Monday
1074,Saturday
1075,Saturday
1076,Sunday
1077,Wed
1078,Thurs
1079,Sunday
1080,Friday
1081,Saturday
1082,Tuesday
1083,Friday
1084,Monday
1085,Friday
1086,Sunday
1087,Sunday
1088,Friday
1089,Tuesday
1090,Friday
1091,Wed
1092,Friday
1093,Thurs
1094,Tuesday
1095,Tuesday
1096,Wed
1097,Saturday
1098,Thurs
1099,Friday
1100,Friday
1101,Friday
1102,Friday
1103,Saturday
1104,Friday
1105,Tuesday
1106,Friday
1107,Monday
1108,Friday
1109,Friday
1110,Sunday
1111,Wed
1112,Wed
1113,Friday
1114,Saturday
1115,Sunday
1116,Tuesday
1117,Monday
1118,Sunday
1119,Thurs
1120,Friday
1121,Friday
1122,Monday
1123,Wed
1124,Saturday
1125,Tuesday
1126,Monday
1127,Friday
1128,Tuesday
1129,Saturday
1130,Tuesday
1131,Wed
1132,Tuesday
1133,Wed
1134,Sunday
1135,Friday
1136,Friday
1137,Sunday
1138,Thurs
1139,Monday
1140,Tuesday
1141,Sunday
1142,Monday
1143,Saturday
1144,Thurs
1145,Friday
1146,Thurs
1147,Monday
1148,Saturday
1149,Friday
1150,Sunday
1151,Friday
1152,Friday
1153,Monday
1154,Saturday
1155,Wed
1156,Wed
1157,Thurs
1158,Tuesday
1159,Thurs
1160,Friday
1161,Saturday
1162,Thurs
1163,Friday
1164,Tuesday
1165,Monday
1166,Monday
1167,Friday
1168,Sunday
1169,Wed
1170,Friday
1171,Friday
1172,Saturday
1173,Wed
1174,Friday
1175,Saturday
1176,Sunday
1177,Monday
1178,Saturday
1179,Tuesday
1180,Tuesday
1181,Monday
1182,Sunday
1183,Wed
1184,Friday
1185,Monday
1186,Tuesday
1187,Wed
1188,Monday
1189,Wed
1190,Friday
1191,Friday
1192,Monday
1193,Friday
1194,Tuesday
1195,Monday
1196,Friday
1197,Sunday
1198,Saturday
1199,Thurs
1200,Saturday
1201,Monday
1202,Sunday
1203,Wed
1204,Thurs
1205,Monday
1206,Saturday
1207,Sunday
1208,Saturday
1209,Sunday
1210,Sunday
1211,Friday
1212,Tuesday
1213,Friday
1214,Saturday
1215,Sunday
1216,Tuesday
1217,Monday
1218,Saturday
1219,Tuesday
1220,Friday
1221,Saturday
1222,Monday
1223,Sunday
1224,Saturday
1225,Thurs
1226,Tuesday
1227,Thurs
1228,Thurs
1229,Tuesday
1230,Monday
1231,Monday
1232,Friday
1233,Friday
1234,Saturday
1235,Monday
1236,Saturday
1237,Thurs
1238,Wed
1239,Saturday
1240,Tuesday
1241,Friday
1242,Thurs
1243,Saturday
1244,Wed
1245,Wed
1246,Monday
1247,Friday
1248,Monday
1249,Saturday
1250,Sunday
1251,Friday
1252,Sunday
1253,Saturday
1254,Sunday
1255,Sunday
1256,Tuesday
1257,Tuesday
1258,Saturday
1259,Sunday
1260,Friday
1261,Thurs
1262,Thurs
1263,Sunday
1264,Tuesday
1265,Tuesday
1266,Monday
1267,Saturday
1268,Wed
1269,Sunday
1270,Tuesday
1271,Sunday
1272,Wed
1273,Sunday
1274,Saturday
1275,Sunday
1276,Tuesday
1277,Friday
1278,Friday
1279,Wed
1280,Monday
1281,Thurs
1282,Friday
1283,Saturday
1284,Wed
1285,Tuesday
1286,Saturday
1287,Thurs
1288,Monday
1289,Friday
1290,Sunday
1291,Saturday
1292,Friday
1293,Saturday
1294,Sunday
1295,Sunday
1296,Sunday
1297,Sunday
1298,Wed
1299,Thurs
1300,Saturday
1301,Wed
1302,Wed
1303,Sunday
1304,Sunday
1305,Wed
1306,Tuesday
1307,Saturday
1308,Wed
1309,Saturday
1310,Friday
1311,Thurs
1312,Thurs
1313,Thurs
1314,Saturday
1315,Thurs
1316,Monday
1317,Tuesday
1318,Monday
1319,Friday
1320,Thurs
1321,Sunday
1322,Thurs
1323,Sunday
1324,Thurs
1325,Wed
1326,Saturday
1327,Tuesday
1328,Saturday
1329,Friday
1330,Saturday
1331,Friday
1332,Monday
1333,Wed
1334,Saturday
1335,Saturday
1336,Saturday
1337,Friday
1338,Friday
1339,Friday
1340,Sunday
1341,Friday
1342,Tuesday
1343,Sunday
1344,Saturday
1345,Friday
1346,Friday
1347,Tuesday
1348,Friday
1349,Tuesday
1350,Friday
1351,Tuesday
1352,Friday
1353,Friday
1354,Sunday
1355,Tuesday
1356,Friday
1357,Tuesday
1358,Friday
1359,Friday
1360,Saturday
1361,Saturday
1362,Tuesday
1363,Tuesday
1364,Sunday
1365,Friday
1366,Friday
1367,Sunday
1368,Sunday
1369,Friday
1370,Monday
1371,Friday
1372,Thurs
1373,Sunday
1374,Monday
1375,Thurs
1376,Thurs
1377,Tuesday
1378,Thurs
1379,Wed
1380,Wed
1381,Saturday
1382,Tuesday
1383,Tuesday
1384,Sunday
1385,Monday
1386,Friday
1387,Monday
1388,Thurs
1389,Sunday
1390,Tuesday
1391,Wed
1392,Sunday
1393,Sunday
1394,Saturday
1395,Monday
1396,Thurs
1397,Friday
1398,Wed
1399,Sunday
1400,Friday
1401,Wed
1402,Saturday
1403,Wed
1404,Friday
1405,Sunday
1406,Sunday
1407,Tuesday
1408,Tuesday
1409,Thurs
1410,Saturday
1411,Monday
1412,Tuesday
1413,Saturday
1414,Tuesday
1415,Saturday
1416,Wed
1417,Friday
1418,Sunday
1419,Saturday
1420,Sunday
1421,Sunday
1422,Tuesday
1423,Thurs
1424,Friday
1425,Tuesday
1426,Saturday
1427,Saturday
1428,Friday
1429,Wed
1430,Sunday
1431,Monday
1432,Monday
1433,Monday
1434,Thurs
1435,Friday
1436,Saturday
1437,Saturday
1438,Friday
1439,Wed
1440,Wed
1441,Thurs
1442,Friday
1443,Thurs
1444,Tuesday
1445,Tuesday
1446,Friday
1447,Saturday
1448,Monday
1449,Friday
1450,Sunday
1451,Saturday
1452,Friday
1453,Monday
1454,Thurs
1455,Saturday
1456,Friday
1457,Tuesday
1458,Monday
1459,Thurs
1460,Saturday
1461,Tuesday
1462,Monday
1463,Tuesday
1464,Thurs
1465,Saturday
1466,Friday
1467,Wed
1468,Tuesday
1469,Sunday
1470,Tuesday
1471,Tuesday
1472,Thurs
1473,Monday
1474,Monday
1475,Monday
1476,Monday
1477,Saturday
1478,Thurs
1479,Tuesday
1480,Thurs
1481,Saturday
1482,Sunday
1483,Thurs
1484,Monday
1485,Wed
1486,Saturday
1487,Friday
1488,Tuesday
1489,Thurs
1490,Wed
1491,Saturday
1492,Monday
1493,Monday
1494,Sunday
1495,Thurs
1496,Wed
1497,Saturday
1498,Sunday
1499,Sunday
1500,Saturday
1501,Sunday
1502,Friday
1503,Monday
1504,Wed
1505,Wed
1506,Sunday
1507,Friday
1508,Tuesday
1509,Saturday
1510,Wed
1511,Wed
1512,Thurs
1513,Saturday
1514,Saturday
1515,Wed
1516,Monday
1517,Tuesday
1518,Monday
1519,Friday
1520,Thurs
1521,Friday
1522,Sunday
1523,Friday
1524,Thurs
1525,Sunday
1526,Monday
1527,Thurs
1528,Wed
1529,Monday
1530,Saturday
1531,Sunday
1532,Tuesday
1533,Sunday
1534,Saturday
1535,Sunday
1536,Thurs
1537,Friday
1538,Saturday
1539,Monday
1540,Thurs
1541,Sunday
1542,Monday
1543,Saturday
1544,Friday
1545,Thurs
1546,Thurs
1547,Friday
1548,Monday
1549,Wed
1550,Sunday
1551,Friday
1552,Saturday
1553,Tuesday
1554,Wed
1555,Wed
1556,Friday
1557,Thurs
1558,Thurs
1559,Tuesday
1560,Friday
1561,Tuesday
1562,Thurs
1563,Sunday
1564,Monday
1565,Sunday
1566,Thurs
1567,Monday
1568,Sunday
1569,Tuesday
1570,Monday
1571,Monday
1572,Saturday
1573,Friday
1574,Saturday
1575,Sunday
1576,Saturday
1577,Saturday
1578,Saturday
1579,Monday
1580,Sunday
1581,Thurs
1582,Sunday
1583,Monday
1584,Monday
1585,Wed
1586,Thurs
1587,Saturday
1588,Friday
1589,Sunday
1590,Sunday
1591,Saturday
1592,Friday
1593,Monday
1594,Friday
1595,Thurs
1596,Monday
1597,Friday
1598,Tuesday
1599,Friday
1600,Thurs
1601,Wed
1602,Wed
1603,Friday
1604,Monday
1605,Saturday
1606,Wed
1607,Sunday
1608,Tuesday
1609,Thurs
1610,Saturday
1611,Thurs
1612,Wed
1613,Wed
1614,Wed
1615,Thurs
1616,Monday
1617,Wed
1618,Friday
1619,Saturday
1620,Friday
1621,Saturday
1622,Saturday
1623,Monday
1624,Wed
1625,Thurs
1626,Friday
1627,Saturday
1628,Sunday
1629,Monday
1630,Monday
1631,Friday
1632,Saturday
1633,Tuesday
1634,Saturday
1635,Sunday
1636,Sunday
1637,Wed
1638,Friday
1639,Monday
1640,Tuesday
1641,Saturday
1642,Thurs
1643,Friday
1644,Thurs
1645,Thurs
1646,Monday
1647,Tuesday
1648,Saturday
1649,Tuesday
1650,Sunday
1651,Tuesday
1652,Monday
1653,Tuesday
1654,Monday
1655,Monday
1656,Wed
1657,Sunday
1658,Wed
1659,Sunday
1660,Thurs
1661,Monday
1662,Friday
1663,Thurs
1664,Sunday
1665,Friday
1666,Thurs
1667,Monday
1668,Sunday
1669,Sunday
1670,Wed
1671,Friday
1672,Saturday
1673,Monday
1674,Thurs
1675,Sunday
1676,Saturday
1677,Tuesday
1678,Friday
1679,Thurs
1680,Saturday
1681,Tuesday
1682,Sunday
1683,Wed
1684,Tuesday
1685,Saturday
1686,Friday
1687,Sunday
1688,Friday
1689,Wed
1690,Wed
1691,Monday
1692,Sunday
1693,Saturday
1694,Friday
1695,Sunday
1696,Wed
1697,Monday
1698,Thurs
1699,Sunday
1700,Saturday
1701,Thurs
1702,Saturday
1703,Sunday
1704,Wed
1705,Sunday
1706,Thurs
1707,Friday
1708,Wed
1709,Saturday
1710,Monday
1711,Saturday
1712,Friday
1713,Sunday
1714,Tuesday
1715,Friday
1716,Thurs
1717,Friday
1718,Tuesday
1719,Friday
1720,Saturday
1721,Thurs
1722,Thurs
1723,Wed
1724,Thurs
1725,Friday
1726,Wed
1727,Sunday
1728,Tuesday
1729,Monday
1730,Thurs
1731,Thurs
1732,Monday
1733,Sunday
1734,Friday
1735,Sunday
1736,Wed
1737,Saturday
1738,Monday
1739,Sunday
1740,Thurs
1741,Friday
1742,Friday
1743,Saturday
1744,Tuesday
1745,Wed
1746,Monday
1747,Thurs
1748,Wed
1749,Tuesday
1750,Tuesday
1751,Saturday
1752,Saturday
1753,Tuesday
1754,Wed
1755,Wed
1756,Saturday
1757,Friday
1758,Monday
1759,Friday
1760,Tuesday
1761,Thurs
1762,Thurs
1763,Sunday
1764,Sunday
1765,Friday
1766,Wed
1767,Sunday
1768,Monday
1769,Wed
1770,Friday
1771,Tuesday
1772,Tuesday
1773,Sunday
1774,Sunday
1775,Saturday
1776,Tuesday
1777,Thurs
1778,Thurs
1779,Monday
1780,Wed
1781,Monday
1782,Saturday
1783,Thurs
1784,Tuesday
1785,Monday
1786,Friday
1787,Monday
1788,Sunday
1789,Thurs
1790,Friday
1791,Monday
1792,Tuesday
1793,Saturday
1794,Tuesday
1795,Tuesday
1796,Saturday
1797,Sunday
1798,Tuesday
1799,Sunday
1800,Monday
1801,Wed
1802,Sunday
1803,Wed
1804,Saturday
1805,Tuesday
1806,Tuesday
1807,Saturday
1808,Wed
1809,Sunday
1810,Thurs
1811,Sunday
1812,Thurs
1813,Saturday
1814,Thurs
1815,Wed
1816,Saturday
1817,Friday
1818,Saturday
1819,Friday
1820,Sunday
1821,Saturday
1822,Wed
1823,Friday
1824,Thurs
1825,Tuesday
1826,Monday
1827,Saturday
1828,Saturday
1829,Friday
1830,Thurs
1831,Thurs
1832,Friday
1833,Saturday
1834,Sunday
1835,Friday
1836,Sunday
1837,Friday
1838,Friday
1839,Wed
1840,Sunday
1841,Tuesday
1842,Friday
1843,Saturday
1844,Monday
1845,Tuesday
1846,Tuesday
1847,Sunday
1848,Monday
1849,Wed
1850,Sunday
1851,Thurs
1852,Monday
1853,Saturday
1854,Monday
1855,Wed
1856,Wed
1857,Monday
1858,Saturday
1859,Sunday
1860,Saturday
1861,Saturday
1862,Friday
1863,Tuesday
1864,Friday
1865,Monday
1866,Sunday
1867,Friday
1868,Sunday
1869,Friday
1870,Monday
1871,Saturday
1872,Sunday
1873,Friday
1874,Sunday
1875,Sunday
1876,Tuesday
1877,Wed
1878,Monday
1879,Thurs
1880,Monday
1881,Friday
1882,Thurs
1883,Monday
1884,Saturday
1885,Tuesday
1886,Wed
1887,Monday
1888,Wed
1889,Sunday
1890,Monday
1891,Tuesday
1892,Thurs
1893,Sunday
1894,Thurs
1895,Saturday
1896,Tuesday
1897,Friday
1898,Wed
1899,Wed
1900,Friday
1901,Friday
1902,Monday
1903,Friday
1904,Tuesday
1905,Monday
1906,Wed
1907,Sunday
1908,Sunday
1909,Saturday
1910,Wed
1911,Saturday
1912,Thurs
1913,Friday
1914,Saturday
1915,Friday
1916,Saturday
1917,Thurs
1918,Wed
1919,Saturday
1920,Thurs
1921,Tuesday
1922,Sunday
1923,Tuesday
1924,Thurs
1925,Saturday
1926,Monday
1927,Tuesday
1928,Friday
1929,Wed
1930,Sunday
1931,Saturday
1932,Sunday
1933,Wed
1934,Monday
1935,Friday
1936,Tuesday
1937,Sunday
1938,Tuesday
1939,Thurs
1940,Tuesday
1941,Sunday
1942,Tuesday
1943,Friday
1944,Saturday
1945,Sunday
1946,Monday
1947,Wed
1948,Sunday
1949,Tuesday
1950,Saturday
1951,Tuesday
1952,Sunday
1953,Friday
1954,Tuesday
1955,Sunday
1956,Saturday
1957,Tuesday
1958,Saturday
1959,Tuesday
1960,Friday
1961,Thurs
1962,Wed
1963,Friday
1964,Saturday
1965,Sunday
1966,Friday
1967,Sunday
1968,Sunday
1969,Friday
1970,Sunday
1971,Thurs
1972,Wed
1973,Wed
1974,Thurs
1975,Tuesday
1976,Saturday
1977,Saturday
1978,Tuesday
1979,Sunday
1980,Saturday
1981,Wed
1982,Saturday
1983,Tuesday
1984,Monday
1985,Thurs
1986,Wed
1987,Tuesday
1988,Wed
1989,Thurs
1990,Wed
1991,Monday
1992,Sunday
1993,Sunday
1994,Friday
1995,Wed
1996,Thurs
1997,Friday
1998,Sunday
1999,Wed
2000,Friday
2001,Friday
2002,Tuesday
2003,Wed
2004,Tuesday
2005,Wed
2006,Thurs
2007,Wed
2008,Monday
2009,Tuesday
2010,Monday
2011,Monday
2012,Sunday
2013,Monday
2014,Sunday
2015,Wed
2016,Thurs
2017,Friday
2018,Sunday
2019,Saturday
2020,Wed
2021,Wed
2022,Monday
2023,Monday
2024,Monday
2025,Wed
2026,Thurs
2027,Monday
2028,Tuesday
2029,Friday
2030,Thurs
2031,Monday
2032,Thurs
2033,Tuesday
2034,Friday
2035,Saturday
2036,Sunday
2037,Saturday
2038,Wed
2039,Thurs
2040,Wed
2041,Wed
2042,Friday
2043,Tuesday
2044,Monday
2045,Wed
2046,Friday
2047,Saturday
2048,Sunday
2049,Wed
2050,Wed
2051,Sunday
2052,Saturday
2053,Friday
2054,Thurs
2055,Wed
2056,Tuesday
2057,Saturday
2058,Sunday
2059,Tuesday
2060,Sunday
2061,Thurs
2062,Monday
2063,Friday
2064,Saturday
2065,Sunday
2066,Monday
2067,Tuesday
2068,Monday
2069,Friday
2070,Tuesday
2071,Thurs
2072,Thurs
2073,Wed
2074,Friday
2075,Sunday
2076,Tuesday
2077,Tuesday
2078,Sunday
2079,Sunday
2080,Monday
2081,Thurs
2082,Wed
2083,Friday
2084,Tuesday
2085,Thurs
2086,Wed
2087,Saturday
2088,Sunday
2089,Saturday
2090,Friday
2091,Tuesday
2092,Wed
2093,Tuesday
2094,Monday
2095,Tuesday
2096,Sunday
2097,Saturday
2098,Sunday
2099,Friday
2100,Friday
2101,Tuesday
2102,Friday
2103,Sunday
2104,Tuesday
2105,Saturday
2106,Saturday
2107,Wed
2108,Thurs
2109,Saturday
2110,Thurs
2111,Sunday
2112,Saturday
2113,Monday
2114,Sunday
2115,Monday
2116,Saturday
2117,Thurs
2118,Monday
2119,Tuesday
2120,Friday
2121,Thurs
2122,Sunday
2123,Friday
2124,Monday
2125,Saturday
2126,Monday
2127,Monday
2128,Tuesday
2129,Friday
2130,Monday
2131,Wed
2132,Saturday
2133,Saturday
2134,Friday
2135,Friday
2136,Thurs
2137,Wed
2138,Tuesday
2139,Friday
2140,Wed
2141,Saturday
2142,Saturday
2143,Monday
2144,Thurs
2145,Sunday
2146,Saturday
2147,Thurs
2148,Saturday
2149,Friday
2150,Friday
2151,Friday
2152,Thurs
2153,Wed
2154,Wed
2155,Tuesday
2156,Monday
2157,Sunday
2158,Friday
2159,Tuesday
2160,Friday
2161,Thurs
2162,Friday
2163,Wed
2164,Thurs
2165,Friday
2166,Sunday
2167,Friday
2168,Monday
2169,Friday
2170,Thurs
2171,Thurs
2172,Wed
2173,Monday
2174,Thurs
2175,Friday
2176,Friday
2177,Friday
2178,Sunday
2179,Thurs
2180,Sunday
2181,Monday
2182,Tuesday
2183,Saturday
2184,Thurs
2185,Tuesday
2186,Wed
2187,Saturday
2188,Sunday
2189,Monday
2190,Friday
2191,Tuesday
2192,Sunday
2193,Tuesday
2194,Saturday
2195,Friday
2196,Saturday
2197,Tuesday
2198,Friday
2199,Monday
2200,Wed
2201,Monday
2202,Wed
2203,Tuesday
2204,Friday
2205,Thurs
2206,Monday
2207,Wed
2208,Saturday
2209,Monday
2210,Tuesday
2211,Friday
2212,Saturday
2213,Friday
2214,Monday
2215,Tuesday
2216,Friday
2217,Thurs
2218,Thurs
2219,Thurs
2220,Sunday
2221,Saturday
2222,Friday
2223,Friday
2224,Tuesday
2225,Friday
2226,Saturday
2227,Saturday
2228,Saturday
2229,Saturday
2230,Thurs
2231,Thurs
2232,Friday
2233,Tuesday
2234,Monday
2235,Friday
2236,Tuesday
2237,Tuesday
2238,Thurs
2239,Wed
2240,Thurs
2241,Thurs
2242,Friday
2243,Monday
2244,Saturday
2245,Tuesday
2246,Sunday
2247,Thurs
2248,Monday
2249,Wed
2250,Friday
2251,Thurs
2252,Friday
2253,Saturday
2254,Monday
2255,Monday
2256,Thurs
2257,Saturday
2258,Saturday
2259,Tuesday
2260,Friday
2261,Sunday
2262,Sunday
2263,Tuesday
2264,Sunday
2265,Friday
2266,Saturday
2267,Wed
2268,Wed
2269,Wed
2270,Tuesday
2271,Wed
2272,Sunday
2273,Tuesday
2274,Wed
2275,Sunday
2276,Monday
2277,Tuesday
2278,Thurs
2279,Monday
2280,Tuesday
2281,Saturday
2282,Thurs
2283,Thurs
2284,Sunday
2285,Saturday
2286,Thurs
2287,Friday
2288,Friday
2289,Tuesday
2290,Sunday
2291,Friday
2292,Friday
2293,Wed
2294,Friday
2295,Sunday
2296,Friday
2297,Sunday
2298,Wed
2299,Saturday
2300,Monday
2301,Tuesday
2302,Sunday
2303,Wed
2304,Monday
2305,Friday
2306,Tuesday
2307,Friday
2308,Tuesday
2309,Sunday
2310,Tuesday
2311,Thurs
2312,Tuesday
2313,Thurs
2314,Saturday
2315,Wed
2316,Saturday
2317,Monday
2318,Sunday
2319,Saturday
2320,Friday
2321,Saturday
2322,Thurs
2323,Sunday
2324,Saturday
2325,Monday
2326,Friday
2327,Tuesday
2328,Sunday
2329,Wed
2330,Saturday
2331,Saturday
2332,Friday
2333,Sunday
2334,Saturday
2335,Tuesday
2336,Friday
2337,Friday
2338,Monday
2339,Friday
2340,Friday
2341,Friday
2342,Friday
2343,Tuesday
2344,Wed
2345,Thurs
2346,Monday
2347,Friday
2348,Tuesday
2349,Thurs
2350,Saturday
2351,Thurs
2352,Thurs
2353,Friday
2354,Wed
2355,Tuesday
2356,Tuesday
2357,Saturday
2358,Saturday
2359,Thurs
2360,Monday
2361,Tuesday
2362,Thurs
2363,Friday
2364,Sunday
2365,Wed
2366,Tuesday
2367,Monday
2368,Sunday
2369,Monday
2370,Monday
2371,Thurs
2372,Thurs
2373,Friday
2374,Friday
2375,Saturday
2376,Monday
2377,Friday
2378,Monday
2379,Friday
2380,Saturday
2381,Friday
2382,Sunday
2383,Monday
2384,Saturday
2385,Saturday
2386,Monday
2387,Thurs
2388,Friday
2389,Tuesday
2390,Friday
2391,Monday
2392,Sunday
2393,Friday
2394,Monday
2395,Thurs
2396,Thurs
2397,Thurs
2398,Thurs
2399,Thurs
2400,Saturday
2401,Saturday
2402,Friday
2403,Saturday
2404,Monday
2405,Tuesday
2406,Saturday
2407,Friday
2408,Thurs
2409,Saturday
2410,Wed
2411,Sunday
2412,Wed
2413,Saturday
2414,Wed
2415,Wed
2416,Wed
2417,Friday
2418,Friday
2419,Sunday
2420,Tuesday
2421,Wed
2422,Saturday
2423,Tuesday
2424,Saturday
2425,Thurs
2426,Tuesday
2427,Sunday
2428,Wed
2429,Saturday
2430,Monday
2431,Thurs
2432,Sunday
2433,Friday
2434,Monday
2435,Saturday
2436,Tuesday
2437,Saturday
2438,Thurs
2439,Sunday
2440,Thurs
2441,Thurs
2442,Saturday
2443,Tuesday
2444,Friday
2445,Wed
2446,Wed
2447,Thurs
2448,Friday
2449,Sunday
2450,Friday
2451,Friday
2452,Friday
2453,Tuesday
2454,Wed
2455,Monday
2456,Friday
2457,Sunday
2458,Tuesday
2459,Thurs
2460,Thurs
2461,Saturday
2462,Wed
2463,Thurs
2464,Thurs
2465,Wed
2466,Wed
2467,Thurs
2468,Tuesday
2469,Friday
2470,Tuesday
2471,Saturday
2472,Friday
2473,Thurs
2474,Wed
2475,Monday
2476,Friday
2477,Wed
2478,Friday
2479,Sunday
2480,Monday
2481,Sunday
2482,Sunday
2483,Friday
2484,Tuesday
2485,Wed
2486,Thurs
2487,Thurs
2488,Saturday
2489,Saturday
2490,Saturday
2491,Saturday
2492,Tuesday
2493,Tuesday
2494,Thurs
2495,Tuesday
2496,Tuesday
2497,Thurs
2498,Saturday
2499,Tuesday
2500,Monday
2501,Sunday
2502,Thurs
2503,Tuesday
2504,Tuesday
2505,Thurs
2506,Sunday
2507,Wed
2508,Friday
2509,Saturday
2510,Tuesday
2511,Friday
2512,Friday
2513,Wed
2514,Friday
2515,Sunday
2516,Saturday
2517,Wed
2518,Saturday
2519,Sunday
2520,Thurs
2521,Wed
2522,Sunday
2523,Saturday
2524,Monday
2525,Tuesday
2526,Monday
2527,Sunday
2528,Tuesday
2529,Tuesday
2530,Thurs
2531,Sunday
2532,Sunday
2533,Tuesday
2534,Tuesday
2535,Tuesday
2536,Friday
2537,Saturday
2538,Saturday
2539,Thurs
2540,Saturday
2541,Thurs
2542,Tuesday
2543,Wed
2544,Friday
2545,Friday
2546,Friday
2547,Friday
2548,Monday
2549,Friday
2550,Monday
2551,Friday
2552,Monday
2553,Saturday
2554,Sunday
2555,Wed
2556,Friday
2557,Sunday
2558,Monday
2559,Wed
2560,Wed
2561,Monday
2562,Saturday
2563,Saturday
2564,Tuesday
2565,Friday
2566,Saturday
2567,Saturday
2568,Sunday
2569,Sunday
2570,Saturday
2571,Sunday
2572,Wed
2573,Saturday
2574,Thurs
2575,Sunday
2576,Sunday
2577,Friday
2578,Tuesday
2579,Tuesday
2580,Sunday
2581,Sunday
2582,Saturday
2583,Wed
2584,Monday
2585,Saturday
2586,Wed
2587,Wed
2588,Sunday
2589,Friday
2590,Tuesday
2591,Monday
2592,Thurs
2593,Sunday
2594,Wed
2595,Monday
2596,Monday
2597,Thurs
2598,Saturday
2599,Friday
2600,Sunday
2601,Friday
2602,Monday
2603,Sunday
2604,Monday
2605,Sunday
2606,Thurs
2607,Wed
2608,Saturday
2609,Thurs
2610,Monday
2611,Wed
2612,Friday
2613,Wed
2614,Wed
2615,Wed
2616,Friday
2617,Thurs
2618,Sunday
2619,Monday
2620,Tuesday
2621,Thurs
2622,Tuesday
2623,Saturday
2624,Thurs
2625,Thurs
2626,Sunday
2627,Tuesday
2628,Thurs
2629,Saturday
2630,Wed
2631,Wed
2632,Thurs
2633,Sunday
2634,Friday
2635,Thurs
2636,Thurs
2637,Sunday
2638,Saturday
2639,Saturday
2640,Saturday
2641,Sunday
2642,Thurs
2643,Tuesday
2644,Saturday
2645,Thurs
2646,Friday
2647,Thurs
2648,Saturday
2649,Tuesday
2650,Monday
2651,Tuesday
2652,Sunday
2653,Tuesday
2654,Saturday
2655,Monday
2656,Friday
2657,Saturday
2658,Saturday
2659,Friday
2660,Friday
2661,Friday
2662,Thurs
2663,Tuesday
2664,Friday
2665,Wed
2666,Tuesday
2667,Saturday
2668,Saturday
2669,Thurs
2670,Thurs
2671,Wed
2672,Monday
2673,Tuesday
2674,Thurs
2675,Sunday
2676,Tuesday
2677,Saturday
2678,Tuesday
2679,Wed
2680,Saturday
2681,Thurs
2682,Friday
2683,Thurs
2684,Thurs
2685,Wed
2686,Friday
2687,Saturday
2688,Saturday
2689,Tuesday
2690,Wed
2691,Thurs
2692,Monday
2693,Tuesday
2694,Sunday
2695,Thurs
2696,Sunday
2697,Sunday
2698,Saturday
2699,Friday
2700,Wed
2701,Friday
2702,Saturday
2703,Thurs
2704,Tuesday
2705,Monday
2706,Tuesday
2707,Friday
2708,Tuesday
2709,Tuesday
2710,Tuesday
2711,Friday
2712,Wed
2713,Monday
2714,Sunday
2715,Tuesday
2716,Sunday
2717,Thurs
2718,Monday
2719,Thurs
2720,Friday
2721,Saturday
2722,Friday
2723,Saturday
2724,Saturday
2725,Sunday
2726,Friday
2727,Monday
2728,Friday
2729,Wed
2730,Tuesday
2731,Monday
2732,Friday
2733,Friday
2734,Thurs
2735,Tuesday
2736,Monday
2737,Saturday
2738,Friday
2739,Thurs
2740,Friday
2741,Tuesday
2742,Saturday
2743,Tuesday
2744,Sunday
2745,Saturday
2746,Sunday
2747,Sunday
2748,Saturday
2749,Wed
2750,Saturday
2751,Friday
2752,Sunday
2753,Saturday
2754,Thurs
2755,Monday
2756,Monday
2757,Tuesday
2758,Thurs
2759,Sunday
2760,Saturday
2761,Sunday
2762,Tuesday
2763,Tuesday
2764,Tuesday
2765,Wed
2766,Sunday
2767,Tuesday
2768,Monday
2769,Tuesday
2770,Monday
2771,Saturday
2772,Friday
2773,Friday
2774,Sunday
2775,Monday
2776,Sunday
2777,Sunday
2778,Friday
2779,Tuesday
2780,Sunday
2781,Wed
2782,Tuesday
2783,Sunday
2784,Saturday
2785,Monday
2786,Sunday
2787,Wed
2788,Tuesday
2789,Monday
2790,Wed
2791,Wed
2792,Saturday
2793,Thurs
2794,Tuesday
2795,Wed
2796,Friday
2797,Monday
2798,Tuesday
2799,Sunday
2800,Friday
2801,Saturday
2802,Wed
2803,Friday
2804,Friday
2805,Friday
2806,Wed
2807,Monday
2808,Tuesday
2809,Wed
2810,Sunday
2811,Monday
2812,Saturday
2813,Thurs
2814,Wed
2815,Saturday
2816,Monday
2817,Saturday
2818,Tuesday
2819,Tuesday
2820,Saturday
2821,Saturday
2822,Saturday
2823,Friday
2824,Thurs
2825,Monday
2826,Monday
2827,Wed
2828,Monday
2829,Monday
2830,Sunday
2831,Tuesday
2832,Monday
2833,Friday
2834,Saturday
2835,Sunday
2836,Saturday
2837,Friday
2838,Monday
2839,Thurs
2840,Sunday
2841,Saturday
2842,Thurs
2843,Thurs
2844,Thurs
2845,Sunday
2846,Saturday
2847,Friday
2848,Tuesday
2849,Thurs
2850,Tuesday
2851,Wed
2852,Saturday
2853,Wed
2854,Tuesday
2855,Wed
2856,Wed
2857,Sunday
2858,Wed
2859,Wed
2860,Thurs
2861,Thurs
2862,Friday
2863,Monday
2864,Thurs
2865,Wed
2866,Friday
2867,Friday
2868,Friday
2869,Sunday
2870,Tuesday
2871,Thurs
2872,Wed
2873,Sunday
2874,Saturday
2875,Thurs
2876,Wed
2877,Friday
2878,Sunday
2879,Tuesday
2880,Sunday
2881,Monday
2882,Saturday
2883,Monday
2884,Saturday
2885,Saturday
2886,Monday
2887,Saturday
2888,Friday
2889,Friday
2890,Tuesday
2891,Monday
2892,Wed
2893,Wed
2894,Monday
2895,Tuesday
2896,Friday
2897,Wed
2898,Friday
2899,Saturday
2900,Saturday
2901,Tuesday
2902,Friday
2903,Monday
2904,Thurs
2905,Monday
2906,Sunday
2907,Sunday
2908,Thurs
2909,Tuesday
2910,Saturday
2911,Monday
2912,Monday
2913,Monday
2914,Sunday
2915,Wed
2916,Sunday
2917,Monday
2918,Friday
2919,Sunday
2920,Tuesday
2921,Wed
2922,Monday
2923,Thurs
2924,Monday
2925,Thurs
2926,Saturday
2927,Wed
2928,Friday
2929,Sunday
2930,Friday
2931,Tuesday
2932,Sunday
2933,Monday
2934,Sunday
2935,Monday
2936,Tuesday
2937,Thurs
2938,Tuesday
2939,Monday
2940,Tuesday
2941,Saturday
2942,Tuesday
2943,Sunday
2944,Thurs
2945,Friday
2946,Sunday
2947,Friday
2948,Saturday
2949,Thurs
2950,Wed
2951,Sunday
2952,Wed
2953,Sunday
2954,Thurs
2955,Tuesday
2956,Wed
2957,Monday
2958,Sunday
2959,Tuesday
2960,Tuesday
2961,Wed
2962,Sunday
2963,Friday
2964,Monday
2965,Wed
2966,Friday
2967,Wed
2968,Friday
2969,Tuesday
2970,Friday
2971,Thurs
2972,Wed
2973,Saturday
2974,Friday
2975,Wed
2976,Saturday
2977,Saturday
2978,Wed
2979,Wed
2980,Monday
2981,Friday
2982,Sunday
2983,Sunday
2984,Monday
2985,Friday
2986,Friday
2987,Wed
2988,Friday
2989,Tuesday
2990,Tuesday
2991,Saturday
2992,Friday
2993,Saturday
2994,Tuesday
2995,Friday
2996,Friday
2997,Tuesday
2998,Sunday
2999,Tuesday
3000,Thurs
3001,Thurs
3002,Sunday
3003,Sunday
3004,Saturday
3005,Saturday
3006,Wed
3007,Wed
3008,Monday
3009,Thurs
3010,Friday
3011,Friday
3012,Wed
3013,Tuesday
3014,Friday
3015,Monday
3016,Thurs
3017,Saturday
3018,Tuesday
3019,Saturday
3020,Sunday
3021,Thurs
3022,Monday
3023,Thurs
3024,Thurs
3025,Monday
3026,Sunday
3027,Thurs
3028,Wed
3029,Tuesday
3030,Sunday
3031,Thurs
3032,Sunday
3033,Sunday
3034,Wed
3035,Thurs
3036,Sunday
3037,Friday
3038,Wed
3039,Friday
3040,Sunday
3041,Monday
3042,Saturday
3043,Tuesday
3044,Saturday
3045,Sunday
3046,Friday
3047,Friday
3048,Thurs
3049,Saturday
3050,Saturday
3051,Thurs
3052,Friday
3053,Tuesday
3054,Sunday
3055,Thurs
3056,Sunday
3057,Monday
3058,Wed
3059,Sunday
3060,Saturday
3061,Wed
3062,Tuesday
3063,Thurs
3064,Thurs
3065,Saturday
3066,Tuesday
3067,Saturday
3068,Friday
3069,Tuesday
3070,Monday
3071,Wed
3072,Monday
3073,Friday
3074,Wed
3075,Friday
3076,Wed
3077,Saturday
3078,Wed
3079,Tuesday
3080,Wed
3081,Monday
3082,Sunday
3083,Friday
3084,Friday
3085,Saturday
3086,Wed
3087,Monday
3088,Monday
3089,Tuesday
3090,Sunday
3091,Monday
3092,Tuesday
3093,Friday
3094,Saturday
3095,Wed
3096,Sunday
3097,Friday
3098,Wed
3099,Monday
3100,Sunday
3101,Sunday
3102,Friday
3103,Sunday
3104,Friday
3105,Wed
3106,Thurs
3107,Wed
3108,Friday
3109,Tuesday
3110,Wed
3111,Saturday
3112,Thurs
3113,Monday
3114,Tuesday
3115,Friday
3116,Saturday
3117,Monday
3118,Tuesday
3119,Wed
3120,Saturday
3121,Friday
3122,Thurs
3123,Saturday
3124,Thurs
3125,Wed
3126,Thurs
3127,Wed
3128,Saturday
3129,Monday
3130,Wed
3131,Tuesday
3132,Thurs
3133,Friday
3134,Monday
3135,Saturday
3136,Sunday
3137,Sunday
3138,Sunday
3139,Thurs
3140,Monday
3141,Wed
3142,Saturday
3143,Monday
3144,Sunday
3145,Tuesday
3146,Sunday
3147,Friday
3148,Sunday
3149,Tuesday
3150,Monday
3151,Thurs
3152,Sunday
3153,Thurs
3154,Tuesday
3155,Sunday
3156,Tuesday
3157,Sunday
3158,Wed
3159,Thurs
3160,Sunday
3161,Monday
3162,Monday
3163,Friday
3164,Saturday
3165,Sunday
3166,Monday
3167,Tuesday
3168,Tuesday
3169,Friday
3170,Thurs
3171,Saturday
3172,Sunday
3173,Friday
3174,Monday
3175,Monday
3176,Monday
3177,Wed
3178,Monday
3179,Saturday
3180,Wed
3181,Sunday
3182,Wed
3183,Wed
3184,Tuesday
3185,Monday
3186,Monday
3187,Sunday
3188,Monday
3189,Saturday
3190,Thurs
3191,Sunday
3192,Monday
3193,Saturday
3194,Saturday
3195,Saturday
3196,Monday
3197,Thurs
3198,Monday
3199,Sunday
3200,Monday
3201,Monday
3202,Sunday
3203,Wed
3204,Wed
3205,Saturday
3206,Sunday
3207,Friday
3208,Friday
3209,Tuesday
3210,Monday
3211,Friday
3212,Friday
3213,Monday
3214,Sunday
3215,Monday
3216,Saturday
3217,Wed
3218,Saturday
3219,Sunday
3220,Thurs
3221,Monday
3222,Tuesday
3223,Sunday
3224,Thurs
3225,Thurs
3226,Wed
3227,Monday
3228,Thurs
3229,Friday
3230,Saturday
3231,Tuesday
3232,Friday
3233,Tuesday
3234,Monday
3235,Tuesday
3236,Saturday
3237,Thurs
3238,Thurs
3239,Tuesday
3240,Friday
3241,Saturday
3242,Saturday
3243,Saturday
3244,Monday
3245,Wed
3246,Saturday
3247,Saturday
3248,Monday
3249,Friday
3250,Wed
3251,Tuesday
3252,Saturday
3253,Tuesday
3254,Saturday
3255,Sunday
3256,Wed
3257,Saturday
3258,Monday
3259,Friday
3260,Tuesday
3261,Saturday
3262,Tuesday
3263,Tuesday
3264,Sunday
3265,Friday
3266,Tuesday
3267,Sunday
3268,Tuesday
3269,Friday
3270,Wed
3271,Sunday
3272,Thurs
3273,Sunday
3274,Saturday
3275,Monday
3276,Friday
3277,Wed
3278,Saturday
3279,Monday
3280,Saturday
3281,Sunday
3282,Wed
3283,Thurs
3284,Friday
3285,Thurs
3286,Friday
3287,Monday
3288,Tuesday
3289,Sunday
3290,Saturday
3291,Friday
3292,Monday
3293,Sunday
3294,Friday
3295,Sunday
3296,Saturday
3297,Saturday
3298,Sunday
3299,Friday
3300,Wed
3301,Tuesday
3302,Wed
3303,Thurs
3304,Monday
3305,Monday
3306,Saturday
3307,Tuesday
3308,Friday
3309,Thurs
3310,Tuesday
3311,Monday
3312,Thurs
3313,Saturday
3314,Sunday
3315,Saturday
3316,Saturday
3317,Wed
3318,Wed
3319,Friday
3320,Wed
3321,Friday
3322,Friday
3323,Friday
3324,Sunday
3325,Friday
3326,Tuesday
3327,Friday
3328,Monday
3329,Sunday
3330,Tuesday
3331,Friday
3332,Monday
3333,Tuesday
3334,Saturday
3335,Saturday
3336,Monday
3337,Friday
3338,Tuesday
3339,Saturday
3340,Monday
3341,Saturday
3342,Friday
3343,Wed
3344,Tuesday
3345,Sunday
3346,Tuesday
3347,Sunday
3348,Sunday
3349,Friday
3350,Tuesday
3351,Sunday
3352,Tuesday
3353,Thurs
3354,Monday
3355,Saturday
3356,Friday
3357,Monday
3358,Thurs
3359,Saturday
3360,Sunday
3361,Thurs
3362,Thurs
3363,Saturday
3364,Tuesday
3365,Sunday
3366,Thurs
3367,Wed
3368,Tuesday
3369,Sunday
3370,Wed
3371,Tuesday
3372,Friday
3373,Wed
3374,Saturday
3375,Tuesday
3376,Wed
3377,Tuesday
3378,Saturday
3379,Sunday
3380,Sunday
3381,Sunday
3382,Sunday
3383,Monday
3384,Saturday
3385,Friday
3386,Thurs
3387,Friday
3388,Monday
3389,Thurs
3390,Sunday
3391,Monday
3392,Thurs
3393,Monday
3394,Thurs
3395,Monday
3396,Saturday
3397,Friday
3398,Thurs
3399,Friday
3400,Sunday
3401,Friday
3402,Thurs
3403,Thurs
3404,Friday
3405,Friday
3406,Friday
3407,Tuesday
3408,Monday
3409,Thurs
3410,Thurs
3411,Friday
3412,Thurs
3413,Friday
3414,Saturday
3415,Tuesday
3416,Friday
3417,Thurs
3418,Tuesday
3419,Friday
3420,Saturday
3421,Saturday
3422,Wed
3423,Wed
3424,Saturday
3425,Saturday
3426,Friday
3427,Saturday
3428,Monday
3429,Tuesday
3430,Sunday
3431,Tuesday
3432,Sunday
3433,Wed
3434,Monday
3435,Wed
3436,Saturday
3437,Sunday
3438,Tuesday
3439,Monday
3440,Sunday
3441,Tuesday
3442,Friday
3443,Friday
3444,Tuesday
3445,Saturday
3446,Wed
3447,Thurs
3448,Saturday
3449,Wed
3450,Wed
3451,Saturday
3452,Tuesday
3453,Sunday
3454,Wed
3455,Thurs
3456,Friday
3457,Thurs
3458,Wed
3459,Friday
3460,Sunday
3461,Tuesday
3462,Saturday
3463,Sunday
3464,Monday
3465,Thurs
3466,Saturday
3467,Friday
3468,Saturday
3469,Friday
3470,Tuesday
3471,Friday
3472,Sunday
3473,Monday
3474,Wed
3475,Tuesday
3476,Thurs
3477,Friday
3478,Tuesday
3479,Thurs
3480,Saturday
3481,Thurs
3482,Monday
3483,Sunday
3484,Sunday
3485,Friday
3486,Sunday
3487,Monday
3488,Wed
3489,Monday
3490,Thurs
3491,Wed
3492,Thurs
3493,Wed
3494,Monday
3495,Saturday
3496,Friday
3497,Monday
3498,Sunday
3499,Sunday
3500,Friday
3501,Thurs
3502,Friday
3503,Friday
3504,Sunday
3505,Wed
3506,Saturday
3507,Wed
3508,Friday
3509,Thurs
3510,Friday
3511,Monday
3512,Tuesday
3513,Thurs
3514,Sunday
3515,Tuesday
3516,Tuesday
3517,Sunday
3518,Saturday
3519,Wed
3520,Sunday
3521,Tuesday
3522,Thurs
3523,Wed
3524,Wed
3525,Friday
3526,Sunday
3527,Friday
3528,Tuesday
3529,Tuesday
3530,Thurs
3531,Tuesday
3532,Saturday
3533,Tuesday
3534,Tuesday
3535,Tuesday
3536,Wed
3537,Thurs
3538,Saturday
3539,Saturday
3540,Sunday
3541,Monday
3542,Monday
3543,Tuesday
3544,Friday
3545,Wed
3546,Friday
3547,Monday
3548,Tuesday
3549,Sunday
3550,Tuesday
3551,Monday
3552,Thurs
3553,Sunday
3554,Sunday
3555,Monday
3556,Tuesday
3557,Saturday
3558,Sunday
3559,Thurs
3560,Sunday
3561,Wed
3562,Saturday
3563,Friday
3564,Saturday
3565,Saturday
3566,Wed
3567,Thurs
3568,Sunday
3569,Tuesday
3570,Friday
3571,Thurs
3572,Monday
3573,Sunday
3574,Wed
3575,Wed
3576,Monday
3577,Saturday
3578,Thurs
3579,Thurs
3580,Sunday
3581,Tuesday
3582,Saturday
3583,Monday
3584,Sunday
3585,Saturday
3586,Thurs
3587,Thurs
3588,Wed
3589,Sunday
3590,Saturday
3591,Sunday
3592,Thurs
3593,Sunday
3594,Sunday
3595,Saturday
3596,Friday
3597,Friday
3598,Friday
3599,Wed
3600,Monday
3601,Monday
3602,Sunday
3603,Friday
3604,Wed
3605,Friday
3606,Monday
3607,Sunday
3608,Tuesday
3609,Friday
3610,Sunday
3611,Saturday
3612,Monday
3613,Wed
3614,Friday
3615,Monday
3616,Wed
3617,Sunday
3618,Friday
3619,Monday
3620,Wed
3621,Monday
3622,Wed
3623,Friday
3624,Friday
3625,Thurs
3626,Thurs
3627,Wed
3628,Monday
3629,Tuesday
3630,Sunday
3631,Saturday
3632,Sunday
3633,Tuesday
3634,Wed
3635,Friday
3636,Saturday
3637,Monday
3638,Monday
3639,Thurs
3640,Tuesday
3641,Thurs
3642,Wed
3643,Thurs
3644,Friday
3645,Tuesday
3646,Sunday
3647,Saturday
3648,Tuesday
3649,Wed
3650,Wed
3651,Tuesday
3652,Friday
3653,Sunday
3654,Friday
3655,Saturday
3656,Monday
3657,Monday
3658,Saturday
3659,Friday
3660,Thurs
3661,Monday
3662,Sunday
3663,Tuesday
3664,Thurs
3665,Sunday
3666,Friday
3667,Saturday
3668,Sunday
3669,Thurs
3670,Saturday
3671,Sunday
3672,Wed
3673,Friday
3674,Friday
3675,Tuesday
3676,Sunday
3677,Friday
3678,Wed
3679,Saturday
3680,Friday
3681,Wed
3682,Wed
3683,Tuesday
3684,Monday
3685,Friday
3686,Friday
3687,Sunday
3688,Monday
3689,Tuesday
3690,Sunday
3691,Monday
3692,Wed
3693,Thurs
3694,Friday
3695,Tuesday
3696,Saturday
3697,Monday
3698,Monday
3699,Sunday
3700,Saturday
3701,Sunday
3702,Sunday
3703,Sunday
3704,Thurs
3705,Monday
3706,Saturday
3707,Monday
3708,Friday
3709,Wed
3710,Sunday
3711,Tuesday
3712,Friday
3713,Thurs
3714,Friday
3715,Tuesday
3716,Sunday
3717,Friday
3718,Sunday
3719,Monday
3720,Wed
3721,Thurs
3722,Friday
3723,Monday
3724,Sunday
3725,Thurs
3726,Friday
3727,Wed
3728,Friday
3729,Friday
3730,Friday
3731,Sunday
3732,Friday
3733,Monday
3734,Friday
3735,Saturday
3736,Thurs
3737,Wed
3738,Saturday
3739,Wed
3740,Tuesday
3741,Monday
3742,Wed
3743,Tuesday
3744,Monday
3745,Wed
3746,Wed
3747,Friday
3748,Wed
3749,Saturday
3750,Thurs
3751,Friday
3752,Saturday
3753,Sunday
3754,Thurs
3755,Monday
3756,Friday
3757,Monday
3758,Monday
3759,Monday
3760,Friday
3761,Sunday
3762,Saturday
3763,Sunday
3764,Tuesday
3765,Thurs
3766,Sunday
3767,Friday
3768,Monday
3769,Sunday
3770,Wed
3771,Thurs
3772,Saturday
3773,Monday
3774,Tuesday
3775,Thurs
3776,Friday
3777,Thurs
3778,Sunday
3779,Monday
3780,Friday
3781,Friday
3782,Sunday
3783,Sunday
3784,Tuesday
3785,Friday
3786,Friday
3787,Sunday
3788,Thurs
3789,Saturday
3790,Tuesday
3791,Wed
3792,Sunday
3793,Thurs
3794,Sunday
3795,Saturday
3796,Saturday
3797,Thurs
3798,Sunday
3799,Thurs
3800,Thurs
3801,Thurs
3802,Tuesday
3803,Sunday
3804,Saturday
3805,Monday
3806,Monday
3807,Saturday
3808,Monday
3809,Thurs
3810,Wed
3811,Friday
3812,Monday
3813,Thurs
3814,Friday
3815,Wed
3816,Thurs
3817,Friday
3818,Sunday
3819,Sunday
3820,Thurs
3821,Saturday
3822,Tuesday
3823,Thurs
3824,Saturday
3825,Sunday
3826,Monday
3827,Monday
3828,Thurs
3829,Sunday
3830,Friday
3831,Thurs
3832,Sunday
3833,Sunday
3834,Sunday
3835,Wed
3836,Wed
3837,Thurs
3838,Thurs
3839,Wed
3840,Sunday
3841,Wed
3842,Saturday
3843,Thurs
3844,Tuesday
3845,Sunday
3846,Friday
3847,Tuesday
3848,Monday
3849,Sunday
3850,Wed
3851,Tuesday
3852,Sunday
3853,Friday
3854,Wed
3855,Sunday
3856,Saturday
3857,Thurs
3858,Thurs
3859,Saturday
3860,Friday
3861,Wed
3862,Friday
3863,Sunday
3864,Friday
3865,Thurs
3866,Sunday
3867,Friday
3868,Tuesday
3869,Tuesday
3870,Monday
3871,Wed
3872,Monday
3873,Monday
3874,Thurs
3875,Monday
3876,Friday
3877,Saturday
3878,Wed
3879,Sunday
3880,Sunday
3881,Friday
3882,Friday
3883,Tuesday
3884,Thurs
3885,Tuesday
3886,Saturday
3887,Friday
3888,Tuesday
3889,Friday
3890,Thurs
3891,Thurs
3892,Tuesday
3893,Saturday
3894,Sunday
3895,Thurs
3896,Friday
3897,Thurs
3898,Saturday
3899,Thurs
3900,Sunday
3901,Saturday
3902,Sunday
3903,Monday
3904,Sunday
3905,Saturday
3906,Thurs
3907,Wed
3908,Monday
3909,Friday
3910,Monday
3911,Friday
3912,Tuesday
3913,Thurs
3914,Sunday
3915,Sunday
3916,Thurs
3917,Friday
3918,Friday
3919,Monday
3920,Thurs
3921,Friday
3922,Wed
3923,Monday
3924,Monday
3925,Saturday
3926,Monday
3927,Friday
3928,Thurs
3929,Wed
3930,Sunday
3931,Tuesday
3932,Friday
3933,Friday
3934,Monday
3935,Saturday
3936,Saturday
3937,Thurs
3938,Tuesday
3939,Saturday
3940,Wed
3941,Thurs
3942,Monday
3943,Thurs
3944,Monday
3945,Saturday
3946,Friday
3947,Tuesday
3948,Sunday
3949,Wed
3950,Monday
3951,Thurs
3952,Thurs
3953,Saturday
3954,Monday
3955,Wed
3956,Monday
3957,Saturday
3958,Friday
3959,Wed
3960,Monday
3961,Monday
3962,Thurs
3963,Wed
3964,Thurs
3965,Monday
3966,Thurs
3967,Tuesday
3968,Tuesday
3969,Sunday
3970,Sunday
3971,Tuesday
3972,Thurs
3973,Monday
3974,Wed
3975,Tuesday
3976,Thurs
3977,Saturday
3978,Thurs
3979,Tuesday
3980,Sunday
3981,Thurs
3982,Tuesday
3983,Tuesday
3984,Tuesday
3985,Monday
3986,Friday
3987,Saturday
3988,Saturday
3989,Tuesday
3990,Tuesday
3991,Monday
3992,Saturday
3993,Sunday
3994,Friday
3995,Tuesday
3996,Tuesday
3997,Sunday
3998,Monday
3999,Sunday
4000,Thurs
4001,Monday
4002,Sunday
4003,Thurs
4004,Thurs
4005,Friday
4006,Sunday
4007,Saturday
4008,Sunday
4009,Tuesday
4010,Sunday
4011,Tuesday
4012,Wed
4013,Sunday
4014,Saturday
4015,Saturday
4016,Thurs
4017,Saturday
4018,Saturday
4019,Thurs
4020,Wed
4021,Thurs
4022,Monday
4023,Tuesday
4024,Thurs
4025,Saturday
4026,Sunday
4027,Monday
4028,Wed
4029,Tuesday
4030,Friday
4031,Monday
4032,Tuesday
4033,Saturday
4034,Sunday
4035,Monday
4036,Wed
4037,Saturday
4038,Sunday
4039,Friday
4040,Tuesday
4041,Tuesday
4042,Friday
4043,Wed
4044,Saturday
4045,Saturday
4046,Saturday
4047,Monday
4048,Wed
4049,Tuesday
4050,Sunday
4051,Wed
4052,Friday
4053,Tuesday
4054,Wed
4055,Wed
4056,Thurs
4057,Thurs
4058,Friday
4059,Tuesday
4060,Friday
4061,Saturday
4062,Sunday
4063,Friday
4064,Monday
4065,Tuesday
4066,Saturday
4067,Wed
4068,Saturday
4069,Monday
4070,Tuesday
4071,Thurs
4072,Tuesday
4073,Saturday
4074,Friday
4075,Thurs
4076,Monday
4077,Wed
4078,Sunday
4079,Monday
4080,Tuesday
4081,Tuesday
4082,Tuesday
4083,Friday
4084,Sunday
4085,Tuesday
4086,Monday
4087,Tuesday
4088,Monday
4089,Tuesday
4090,Wed
4091,Tuesday
4092,Saturday
4093,Wed
4094,Saturday
4095,Tuesday
4096,Wed
4097,Sunday
4098,Friday
4099,Monday
4100,Monday
4101,Saturday
4102,Friday
4103,Friday
4104,Wed
4105,Thurs
4106,Monday
4107,Tuesday
4108,Saturday
4109,Friday
4110,Tuesday
4111,Thurs
4112,Thurs
4113,Sunday
4114,Monday
4115,Sunday
4116,Wed
4117,Wed
4118,Monday
4119,Saturday
4120,Tuesday
4121,Saturday
4122,Sunday
4123,Tuesday
4124,Saturday
4125,Thurs
4126,Sunday
4127,Tuesday
4128,Sunday
4129,Monday
4130,Tuesday
4131,Sunday
4132,Monday
4133,Monday
4134,Tuesday
4135,Wed
4136,Wed
4137,Saturday
4138,Tuesday
4139,Tuesday
4140,Wed
4141,Tuesday
4142,Saturday
4143,Wed
4144,Wed
4145,Saturday
4146,Tuesday
4147,Wed
4148,Friday
4149,Wed
4150,Sunday
4151,Wed
4152,Thurs
4153,Monday
4154,Thurs
4155,Sunday
4156,Tuesday
4157,Sunday
4158,Friday
4159,Saturday
4160,Thurs
4161,Sunday
4162,Tuesday
4163,Saturday
4164,Thurs
4165,Saturday
4166,Friday
4167,Friday
4168,Saturday
4169,Friday
4170,Thurs
4171,Friday
4172,Friday
4173,Wed
4174,Friday
4175,Friday
4176,Sunday
4177,Tuesday
4178,Saturday
4179,Tuesday
4180,Thurs
4181,Friday
4182,Friday
4183,Wed
4184,Friday
4185,Monday
4186,Sunday
4187,Sunday
4188,Tuesday
4189,Sunday
4190,Monday
4191,Wed
4192,Tuesday
4193,Monday
4194,Sunday
4195,Tuesday
4196,Thurs
4197,Wed
4198,Tuesday
4199,Thurs
4200,Tuesday
4201,Thurs
4202,Wed
4203,Monday
4204,Saturday
4205,Saturday
4206,Saturday
4207,Monday
4208,Saturday
4209,Sunday
4210,Saturday
4211,Friday
4212,Monday
4213,Tuesday
4214,Wed
4215,Friday
4216,Friday
4217,Thurs
4218,Monday
4219,Saturday
4220,Monday
4221,Wed
4222,Saturday
4223,Monday
4224,Friday
4225,Wed
4226,Sunday
4227,Wed
4228,Monday
4229,Wed
4230,Friday
4231,Wed
4232,Saturday
4233,Monday
4234,Sunday
4235,Sunday
4236,Sunday
4237,Thurs
4238,Saturday
4239,Sunday
4240,Saturday
4241,Tuesday
4242,Monday
4243,Tuesday
4244,Wed
4245,Saturday
4246,Monday
4247,Saturday
4248,Wed
4249,Tuesday
4250,Wed
4251,Saturday
4252,Wed
4253,Saturday
4254,Tuesday
4255,Saturday
4256,Thurs
4257,Saturday
4258,Friday
4259,Saturday
4260,Saturday
4261,Sunday
4262,Monday
4263,Thurs
4264,Saturday
4265,Monday
4266,Thurs
4267,Saturday
4268,Thurs
4269,Thurs
4270,Tuesday
4271,Friday
4272,Friday
4273,Tuesday
4274,Tuesday
4275,Sunday
4276,Wed
4277,Friday
4278,Sunday
4279,Sunday
4280,Wed
4281,Wed
4282,Wed
4283,Thurs
4284,Friday
4285,Wed
4286,Thurs
4287,Friday
4288,Saturday
4289,Saturday
4290,Monday
4291,Sunday
4292,Saturday
4293,Tuesday
4294,Saturday
4295,Saturday
4296,Sunday
4297,Sunday
4298,Monday
4299,Thurs
4300,Sunday
4301,Friday
4302,Friday
4303,Monday
4304,Wed
4305,Wed
4306,Friday
4307,Sunday
4308,Sunday
4309,Monday
4310,Sunday
4311,Friday
4312,Monday
4313,Tuesday
4314,Sunday
4315,Thurs
4316,Friday
4317,Monday
4318,Monday
4319,Saturday
4320,Wed
4321,Tuesday
4322,Sunday
4323,Tuesday
4324,Saturday
4325,Sunday
4326,Tuesday
4327,Sunday
4328,Friday
4329,Tuesday
4330,Tuesday
4331,Friday
4332,Wed
4333,Thurs
4334,Thurs
4335,Friday
4336,Wed
4337,Saturday
4338,Saturday
4339,Friday
4340,Sunday
4341,Sunday
4342,Friday
4343,Tuesday
4344,Wed
4345,Sunday
4346,Wed
4347,Saturday
4348,Sunday
4349,Friday
4350,Friday
4351,Monday
4352,Friday
4353,Friday
4354,Friday
4355,Saturday
4356,Wed
4357,Monday
4358,Monday
4359,Friday
4360,Sunday
4361,Tuesday
4362,Wed
4363,Sunday
4364,Thurs
4365,Friday
4366,Sunday
4367,Tuesday
4368,Saturday
4369,Saturday
4370,Tuesday
4371,Saturday
4372,Monday
4373,Friday
4374,Sunday
4375,Thurs
4376,Sunday
4377,Sunday
4378,Friday
4379,Tuesday
4380,Thurs
4381,Wed
4382,Saturday
4383,Monday
4384,Saturday
4385,Saturday
4386,Wed
4387,Tuesday
4388,Monday
4389,Friday
4390,Friday
4391,Friday
4392,Sunday
4393,Sunday
4394,Thurs
4395,Saturday
4396,Monday
4397,Saturday
4398,Tuesday
4399,Tuesday
4400,Wed
4401,Tuesday
4402,Saturday
4403,Saturday
4404,Thurs
4405,Monday
4406,Sunday
4407,Saturday
4408,Monday
4409,Saturday
4410,Monday
4411,Wed
4412,Wed
4413,Thurs
4414,Thurs
4415,Saturday
4416,Thurs
4417,Monday
4418,Tuesday
4419,Saturday
4420,Wed
4421,Friday
4422,Wed
4423,Thurs
4424,Wed
4425,Sunday
4426,Saturday
4427,Wed
4428,Saturday
4429,Monday
4430,Thurs
4431,Wed
4432,Friday
4433,Thurs
4434,Sunday
4435,Thurs
4436,Monday
4437,Friday
4438,Saturday
4439,Saturday
4440,Thurs
4441,Thurs
4442,Wed
4443,Monday
4444,Tuesday
4445,Wed
4446,Tuesday
4447,Sunday
4448,Saturday
4449,Saturday
4450,Friday
4451,Tuesday
4452,Saturday
4453,Sunday
4454,Sunday
4455,Thurs
4456,Saturday
4457,Friday
4458,Wed
4459,Thurs
4460,Wed
4461,Wed
4462,Tuesday
4463,Wed
4464,Tuesday
4465,Sunday
4466,Saturday
4467,Wed
4468,Sunday
4469,Wed
4470,Monday
4471,Monday
4472,Sunday
4473,Saturday
4474,Saturday
4475,Tuesday
4476,Monday
4477,Sunday
4478,Friday
4479,Tuesday
4480,Sunday
4481,Sunday
4482,Friday
4483,Thurs
4484,Monday
4485,Sunday
4486,Sunday
4487,Tuesday
4488,Sunday
4489,Friday
4490,Tuesday
4491,Friday
4492,Monday
4493,Monday
4494,Monday
4495,Wed
4496,Friday
4497,Monday
4498,Monday
4499,Tuesday
4500,Monday
4501,Sunday
4502,Saturday
4503,Friday
4504,Tuesday
4505,Saturday
4506,Wed
4507,Friday
4508,Friday
4509,Friday
4510,Thurs
4511,Tuesday
4512,Sunday
4513,Tuesday
4514,Saturday
4515,Wed
4516,Tuesday
4517,Friday
4518,Thurs
4519,Sunday
4520,Tuesday
4521,Friday
4522,Tuesday
4523,Friday
4524,Thurs
4525,Monday
4526,Tuesday
4527,Friday
4528,Friday
4529,Thurs
4530,Sunday
4531,Saturday
4532,Tuesday
4533,Friday
4534,Monday
4535,Saturday
4536,Saturday
4537,Tuesday
4538,Monday
4539,Wed
4540,Saturday
4541,Wed
4542,Tuesday
4543,Saturday
4544,Thurs
4545,Friday
4546,Thurs
4547,Wed
4548,Saturday
4549,Saturday
4550,Monday
4551,Wed
4552,Saturday
4553,Thurs
4554,Wed
4555,Friday
4556,Monday
4557,Sunday
4558,Saturday
4559,Monday
4560,Sunday
4561,Monday
4562,Tuesday
4563,Monday
4564,Wed
4565,Friday
4566,Thurs
4567,Thurs
4568,Sunday
4569,Friday
4570,Monday
4571,Thurs
4572,Saturday
4573,Friday
4574,Friday
4575,Friday
4576,Wed
4577,Thurs
4578,Saturday
4579,Thurs
4580,Friday
4581,Saturday
4582,Thurs
4583,Sunday
4584,Thurs
4585,Tuesday
4586,Tuesday
4587,Thurs
4588,Wed
4589,Saturday
4590,Monday
4591,Wed
4592,Saturday
4593,Tuesday
4594,Friday
4595,Friday
4596,Sunday
4597,Tuesday
4598,Friday
4599,Monday
4600,Monday
4601,Sunday
4602,Monday
4603,Sunday
4604,Saturday
4605,Wed
4606,Tuesday
4607,Saturday
4608,Friday
4609,Monday
4610,Thurs
4611,Friday
4612,Friday
4613,Monday
4614,Sunday
4615,Thurs
4616,Monday
4617,Friday
4618,Friday
4619,Monday
4620,Wed
4621,Saturday
4622,Tuesday
4623,Tuesday
4624,Friday
4625,Sunday
4626,Sunday
4627,Tuesday
4628,Saturday
4629,Sunday
4630,Sunday
4631,Monday
4632,Saturday
4633,Wed
4634,Friday
4635,Thurs
4636,Wed
4637,Tuesday
4638,Monday
4639,Friday
4640,Thurs
4641,Friday
4642,Sunday
4643,Friday
4644,Saturday
4645,Friday
4646,Monday
4647,Wed
4648,Wed
4649,Thurs
4650,Thurs
4651,Friday
4652,Friday
4653,Saturday
4654,Saturday
4655,Friday
4656,Friday
4657,Friday
4658,Saturday
4659,Monday
4660,Saturday
4661,Saturday
4662,Wed
4663,Saturday
4664,Wed
4665,Sunday
4666,Saturday
4667,Tuesday
4668,Saturday
4669,Wed
4670,Friday
4671,Friday
4672,Monday
4673,Tuesday
4674,Saturday
4675,Monday
4676,Monday
4677,Tuesday
4678,Thurs
4679,Thurs
4680,Friday
4681,Sunday
4682,Thurs
4683,Wed
4684,Saturday
4685,Thurs
4686,Monday
4687,Friday
4688,Friday
4689,Wed
4690,Monday
4691,Monday
4692,Thurs
4693,Saturday
4694,Saturday
4695,Monday
4696,Saturday
4697,Monday
4698,Thurs
4699,Tuesday
4700,Friday
4701,Friday
4702,Friday
4703,Thurs
4704,Tuesday
4705,Sunday
4706,Thurs
4707,Monday
4708,Wed
4709,Saturday
4710,Monday
4711,Monday
4712,Friday
4713,Monday
4714,Wed
4715,Thurs
4716,Saturday
4717,Thurs
4718,Tuesday
4719,Monday
4720,Tuesday
4721,Sunday
4722,Thurs
4723,Thurs
4724,Friday
4725,Tuesday
4726,Wed
4727,Friday
4728,Sunday
4729,Sunday
4730,Saturday
4731,Monday
4732,Saturday
4733,Tuesday
4734,Sunday
4735,Wed
4736,Saturday
4737,Saturday
4738,Saturday
4739,Wed
4740,Saturday
4741,Thurs
4742,Saturday
4743,Friday
4744,Friday
4745,Tuesday
4746,Sunday
4747,Monday
4748,Thurs
4749,Sunday
4750,Friday
4751,Thurs
4752,Saturday
4753,Tuesday
4754,Saturday
4755,Tuesday
4756,Tuesday
4757,Sunday
4758,Friday
4759,Thurs
4760,Wed
4761,Monday
4762,Friday
4763,Tuesday
4764,Saturday
4765,Tuesday
4766,Friday
4767,Thurs
4768,Sunday
4769,Saturday
4770,Thurs
4771,Tuesday
4772,Monday
4773,Monday
4774,Wed
4775,Friday
4776,Sunday
4777,Thurs
4778,Monday
4779,Tuesday
4780,Wed
4781,Wed
4782,Saturday
4783,Thurs
4784,Sunday
4785,Wed
4786,Sunday
4787,Monday
4788,Saturday
4789,Monday
4790,Wed
4791,Thurs
4792,Wed
4793,Wed
4794,Friday
4795,Saturday
4796,Sunday
4797,Tuesday
4798,Tuesday
4799,Saturday
4800,Monday
4801,Sunday
4802,Thurs
4803,Saturday
4804,Friday
4805,Sunday
4806,Tuesday
4807,Thurs
4808,Wed
4809,Friday
4810,Saturday
4811,Monday
4812,Friday
4813,Sunday
4814,Saturday
4815,Sunday
4816,Monday
4817,Sunday
4818,Saturday
4819,Monday
4820,Friday
4821,Sunday
4822,Tuesday
4823,Sunday
4824,Friday
4825,Friday
4826,Saturday
4827,Monday
4828,Thurs
4829,Wed
4830,Thurs
4831,Wed
4832,Friday
4833,Saturday
4834,Saturday
4835,Wed
4836,Thurs
4837,Thurs
4838,Friday
4839,Friday
4840,Saturday
4841,Thurs
4842,Friday
4843,Friday
4844,Saturday
4845,Saturday
4846,Friday
4847,Tuesday
4848,Friday
4849,Friday
4850,Wed
4851,Saturday
4852,Saturday
4853,Wed
4854,Friday
4855,Tuesday
4856,Tuesday
4857,Friday
4858,Saturday
4859,Friday
4860,Wed
4861,Wed
4862,Wed
4863,Wed
4864,Monday
4865,Monday
4866,Wed
4867,Tuesday
4868,Thurs
4869,Monday
4870,Friday
4871,Sunday
4872,Saturday
4873,Monday
4874,Thurs
4875,Friday
4876,Thurs
4877,Wed
4878,Monday
4879,Wed
4880,Friday
4881,Sunday
4882,Saturday
4883,Thurs
4884,Wed
4885,Sunday
4886,Saturday
4887,Monday
4888,Saturday
4889,Friday
4890,Saturday
4891,Tuesday
4892,Thurs
4893,Saturday
4894,Friday
4895,Sunday
4896,Friday
4897,Friday
4898,Wed
4899,Wed
4900,Tuesday
4901,Monday
4902,Monday
4903,Sunday
4904,Monday
4905,Sunday
4906,Monday
4907,Saturday
4908,Thurs
4909,Friday
4910,Saturday
4911,Sunday
4912,Saturday
4913,Thurs
4914,Wed
4915,Tuesday
4916,Saturday
4917,Tuesday
4918,Sunday
4919,Thurs
